R,V,E
1,50,11.451607765205182
2,562,66.26450315335882
3,2722,55.81552143952058
4,9522,154.74068694485868
5,26082,533.6167991525108
6,59362,461.80165418241813
7,121922,1458.2742662662058
8,227522,2282.47508922196
9,393602,805.146237929177
10,651842,3959.171709803515
11,1022962,1930.4176062715705
12,1553922,4748.572354246397
13,2283842,7597.986927601043
14,3257122,3328.515068644192
15,4556242,14646.353509595618
16,6221842,13584.882194059901
17,8343522,11695.504498501308
18,11019522,19118.487453721464
19,14330562,17813.801966328174
20,18389442,10551.963040217757
21,23344962,24224.869998037815
22,29298802,26116.646702688187
23,36423042,40814.481778755784
24,44868722,58159.4688340202
25,54755122,21917.446680940688
26,66405362,64769.83955807239
27,79878162,39464.49735160172
28,95483122,33486.53581678867
29,113490162,77889.17679947615
30,134010882,28044.588457494974
31,157533042,97514.72548225522
32,184200562,137442.1693200767
33,214255202,77620.96839374304
34,248232162,121487.47832402587
35,286286162,71591.2021510601
36,328935602,73145.63055586815
37,376628482,179339.08208191395
38,429489042,97365.5433562398
39,488347922,217975.50931155682
40,553362562,235266.82340705395
41,624975282,104155.51785027981
42,704109362,235846.65381860733
43,790838242,166425.1616805792
44,885960402,131126.6812171936
45,990185522,249888.40184390545
46,1103779042,171299.90283179283
47,1227882562,392393.9935286045
48,1362621282,365477.5535812378
49,1508762642,156162.37315654755
50,1667660002,386435.993162632
51,1839197922,179332.54547047615
52,2025046402,412563.59313583374
53,2225360162,417188.9706206322
54,2441021202,219567.6240143776
55,2673657842,559788.4512543678
56,2923307682,554021.1423487663
57,3191243682,519987.0195994377
58,3478704402,706589.8778176308
59,3785909282,308586.8245534897
60,4114883362,290699.1203107834
61,4467022242,951963.0187721252
62,4841590482,423520.60701942444
63,5242013922,960330.6457557678
64,5667851282,912159.4095230103
65,6120221682,150491.52693271637
66,6602664162,927440.8208761215
67,7113954722,692181.1487531662
68,7656611682,595697.2426919937
69,8232188722,783215.5497703552
70,8841498482,617195.0722370148
71,9487168722,1232878.2077331543
72,10169669042,1564401.5895137787
73,10889788242,821546.9266681671
74,11651142882,997691.8443450928
75,12454153202,845120.7239685059
76,13300867602,698895.543466568
77,14193712322,1225926.7174854279
78,15132993842,926763.9376163483
79,16122520002,1756107.0126094818
80,17162256402,1778596.7086086273
81,18254014802,856605.5893592834
82,19403082562,2279068.856437683
83,20606274322,812555.1894721985
84,21870041122,809777.586353302
85,23196762242,2500824.203479767
86,24583637522,884869.1959533691
87,26039449682,2491883.5578193665
88,27561174082,1991785.962272644
89,29153075762,1290873.6018943787
90,30818811762,1633533.0288581848
91,32558855682,1026190.995174408
92,34378345282,2084305.2928771973
93,36277122242,2071515.5942840576
94,38258425282,1592154.2921905518
95,40327190562,2891037.3400878906
96,42483637202,3438375.0924301147
97,44729210482,1872363.1447753906
98,47070820642,2237373.174095154
99,49508554402,1694863.7789459229
100,52046965442,1813251.3196792603
101,54690119442,3612340.758705139
102,57436012082,1980716.5006713867
103,60294315442,3421533.2327423096
104,63264445362,4119266.764732361
105,66346538802,916464.8694229126
106,69554968322,4827618.122711182
107,72879993122,2689590.7438812256
108,76331949282,1351251.435760498
109,79917644722,4067824.2250823975
110,83631869122,2010199.3024902344
111,87487998722,4869123.862945557
112,91482189362,5047632.945907593
113,95618968722,3252680.2754364014
114,99906318482,3576689.1005859375
115,104344667042,2489663.0355682373
116,108939948802,1897856.8998565674
117,113700984562,6523567.558609009
118,118618316402,2739404.7627105713
119,123711848642,6208641.989074707
120,128975680642,6717407.280944824
121,134412481202,2548474.087905884
122,140039221842,6213932.106323242
123,145845422482,2700258.119445801
124,151847932722,4248986.837615967
125,158044910962,4335221.738586426
126,164440869842,2712465.9076538086
127,171049424082,8159852.8779296875
128,177862120962,7312017.470489502
129,184886269522,2487686.63470459
130,192140514402,7262910.288360596
131,199612417602,4052212.157989502
132,207319225362,4874860.6189575195
133,215263459122,6945219.535766602
134,223444945522,4702139.102325439
135,231880455682,9447626.682006836
136,240562279842,7920877.648071289
137,249501081602,5151906.223754883
138,258710384642,8947656.32244873
139,268180463522,3782192.388153076
140,277931536002,3988410.2352905273
141,287968406322,8400707.889587402
142,298284732402,4621576.427429199
143,308904560962,10556110.816894531
144,319819177042,11260920.757446289
145,331034384962,6224481.520263672
146,342569961602,8819804.788757324
147,354418693602,5341029.498352051
148,366598837762,7463212.677001953
149,379110373282,8493960.285461426
150,391957333682,5704738.057067871
151,405158134882,10658342.338500977
152,418710808562,14441650.929748535
153,432609205442,3868293.924255371
154,446892026082,10508844.549316406
155,461538467522,6336850.006225586
156,476568669682,4174622.31048584
157,492002901202,16878469.132080078
158,507809972082,5750724.635437012
159,524042010562,15316020.32019043
160,540673770402,12627955.860900879
161,557722379442,7017049.947509766
162,575213672242,16422771.12512207
163,593121867202,7070048.635498047
164,611481168162,5070263.255493164
165,630299344882,10001118.138671875
166,649573311522,10484509.654785156
167,669325033282,20092558.23046875
168,689541447602,17268199.188964844
169,710238595042,9455453.590820312
170,731437795042,9274579.07397461
171,753137805842,6681380.693359375
172,775356592242,10734361.762573242
173,798099146722,17415234.692382812
174,821353550642,5689511.83215332
175,845170661682,17193336.309692383
176,869529544002,21663032.87121582
177,894429858402,9324658.722045898
178,919922933602,21964674.36657715
179,945967436082,8599174.448242188
180,972614271522,10374718.590209961
181,999863217842,17200762.235595703
182,1027706534562,11358407.487182617
183,1056182545922,21082913.947998047
184,1085277002082,21924289.561767578
185,1114995738802,9406361.452392578
186,1145381992562,16341286.765136719
187,1176424747282,21175663.505859375
188,1208117900722,7156321.382080078
189,1240513257522,15322752.642822266
190,1273590482082,14459382.918701172
191,1307379767682,23764082.06225586
192,1341875648562,26659634.98828125
193,1377078557842,12351052.514404297
194,1413041888322,22885762.199951172
195,1449731326002,12486519.188232422
196,1487188234242,10934957.044677734
197,1525432615442,26532658.598632812
198,1564425218642,8208146.782470703
199,1604247606242,25582995.47265625
200,1644863759842,30577060.329833984
201,1686280760642,18088269.638183594
202,1728553819762,31022335.146972656
203,1771635008002,9021902.909179688
204,1815599143522,14353624.124023438
205,1860442294562,30410265.974121094
206,1906137560722,17491382.46875
207,1952752692962,30422705.282226562
208,2000262761922,31223854.59423828
209,2048666673842,5623649.930908203
210,2098042733602,18622541.004638672
211,2148354710402,20557678.553710938
212,2199624292162,19556705.18310547
213,2251883746642,34198266.205566406
214,2305097439922,15029880.479003906
215,2359356121042,38851971.25097656
216,2414601594162,33389416.994628906
217,2470867016402,17588782.251464844
218,2528209394002,34113868.47216797
219,2586575878162,15640944.852539062
220,2646039029842,20122939.18017578
221,2706592902082,26871148.669433594
222,2768247946722,31461350.803710938
223,2831017841602,32560394.17529297
224,2894927164002,39599029.32714844
225,2959959334802,20715459.58984375
226,3026193246962,39383211.924316406
227,3093570936642,22081647.76220703
228,3162159132882,19845033.844726562
229,3231986019682,45024013.0625
230,3302977277762,7326755.298828125
231,3375286544322,44278108.26660156
232,3448819375522,45181468.349609375
233,3523600316882,18188571.442382812
234,3599717461602,34857203.79394531
235,3677112747202,20447232.840820312
236,3755848831202,20795678.05419922
237,3835948398722,41623701.77685547
238,3917365424962,19798480.064453125
239,4000220130482,58287873.5234375
240,4084419585042,46763658.154785156
241,4170027076722,30970036.19189453
242,4257091852002,42463106.94238281
243,4345572903282,22397777.624023438
244,4435546753442,29311714.213867188
245,4527000995202,32664092.278320312
246,4619953699522,32243387.8203125
247,4714450815042,55566208.11425781
248,4810457801122,49509722.552734375
249,4907996429602,17112813.481445312
250,5007190700162,63490827.041015625
251,5107879643682,8638324.0078125
252,5210269089522,39195750.6328125
253,5314285496722,62280029.484375
254,5419884446802,13976750.284179688
255,5527252160082,60855880.75292969
256,5636252515362,46990837.4453125
257,5746976227842,43135796.59472656
258,5859432174722,38050684.95019531
259,5973639033282,30138650.6171875
260,6089632019602,34184173.89941406
261,6207431627842,50091738.13769531
262,6327019566402,38821380.54980469
263,6448483456002,67086163.07324219
264,6571778311362,68833243.20410156
265,6696904761602,23463664.83203125
266,6824003865442,50646949.09082031
267,6952997896562,51105845.19042969
268,7083905807282,22079401.260742188
269,7216838659122,52752915.18847656
270,7351700152402,24786925.462890625
271,7488637645922,63336282.01269531
272,7627591422642,86315217.04492188
273,7768518847122,28554175.88671875
274,7911625214722,72648407.82714844
275,8056742436482,27642236.955078125
276,8204023561682,23551012.999023438
277,8353504886482,73469142.16992188
278,8505084225922,51841478.00097656
279,8658908110082,81658872.18261719
280,8814910490002,73163485.41015625
281,8973136384642,47495138.224609375
282,9133678069362,72879181.83984375
283,9296454705362,44255329.001953125
284,9461560302082,31239444.810546875
285,9629042709842,57115577.57421875
286,9798836012722,31228229.642578125
287,9971106511122,94964308.24804688
288,10145726658002,95688756.34570312
289,10322722185282,33870343.458984375
290,10502287745362,78722576.50976562
291,10684248855442,30147410.666015625
292,10868813915122,70752240.1796875
293,11055877941122,69584009.23046875
294,11245463172322,22733642.755859375
295,11437753003202,87268877.30664062
296,11632603115602,92365411.87109375
297,11830054239682,52067258.728515625
298,12030250061122,83193334.28320312
299,12233081898802,50014529.90234375
300,12438657813202,33361502.76171875
301,12647064507682,92525346.68164062
302,12858171872962,69801462.97265625
303,13072130268082,87769911.265625
304,13288919049442,97823840.36523438
305,13508496036482,29634559.080078125
306,13731106201602,99840847.06445312
307,13956539224962,69603145.6640625
308,14184914973842,30082308.751953125
309,14416362381842,81318193.56445312
310,14650730128722,42908891.5546875
311,14888234583522,101953239.21679688
312,15128763001842,116247488.9375
313,15372329317602,70076459.83007812
314,15619071151362,71221248.578125
315,15868941835282,42983580.27734375
316,16122052517522,66289599.26953125
317,16378393293762,100820779.98632812
318,16637903152082,54958197.791015625
319,16900790068882,105877839.81835938
320,17166943788802,112329915.8125
321,17436375651362,54464888.96484375
322,17709292417922,107659826.76171875
323,17985503924402,50170511.82421875
324,18265206760802,46810352.734375
325,18548474703682,139382254.89453125
326,18835065061682,53023531.35546875
327,19125375860802,153390573.6640625
328,19419100056242,100870082.6953125
329,19716400503362,25549419.49609375
330,20017481935362,99193676.12890625
331,20322105348802,49630586.50390625
332,20630519858242,92604557.23828125
333,20942638798482,107878298.4609375
334,21258476148882,75656534.69921875
335,21578198249762,128301795.671875
336,21901708772002,135303407.16015625
337,22229050081762,104641601.85546875
338,22560332728642,112275070.15234375
339,22895488208162,54902831.04296875
340,23234684692962,65694822.9296875
341,23577938839202,126097694.46875
342,23925123615202,73662835.4140625
343,24276491046322,124790647.4453125
344,24631956218082,158733055.03125
345,24991431850722,52167456.25390625
346,25355307005282,157902193.64453125
347,25723236565522,94357865.03125
348,26095475263042,79591834.390625
349,26472076452802,130073142.66796875
350,26852854355762,22924538.62109375
351,27238246649362,158512349.671875
352,27627905977602,151955952.7421875
353,28021932065842,65241965.08203125
354,28420573479762,108982595.12890625
355,28823676372882,91162553.3359375
356,29231325384722,58036603.01171875
357,29643682890802,133378951.1640625
358,30060593177362,122657359.34765625
359,30482220388482,150979654.484375
360,30908555448482,170015519.72265625
361,31339532711922,74645885.265625
362,31775491360402,164359119.2265625
363,32216093768002,61615858.453125
364,32661701070722,87417839.359375
365,33112266622402,154763208.80859375
366,33567640921682,73572874.89453125
367,34028187741442,166819337.83984375
368,34493667147442,153544720.78515625
369,34964176293282,89655120.66015625
370,35439952548802,171048399.0234375
371,35920721138642,81252132.890625
372,36406815930562,112211325.578125
373,36898170262162,155114517.5390625
374,37394667267922,50720217.2265625
375,37896739800082,189277171.8984375
376,38404056912642,197007758.4765625
377,38916677608962,89854974.40625
378,39434921639202,144279268.4453125
379,39958590210242,117967851.5625
380,40487796352962,80201367.734375
381,41022732673522,179604564.8125
382,41563145333282,118125605.3359375
383,42109389617122,206603777.40625
384,42661272964322,207799765.5078125
385,43218775125042,56551521.328125
386,43782376359442,187972774.6484375
387,44351639402402,119417144.1484375
388,44926851618082,92632088.234375
389,45508107694722,156453095.9140625
390,46095211927042,69085477.6328125
391,46688555881362,175768876.078125
392,47287938731522,229112577.046875
393,47893324542882,146378900.3125
394,48505030385442,197595710.390625
395,49122819664322,98886287.4609375
396,49746969999762,80348718.1484375
397,50377648939762,261767926.40625
398,51014363178482,101833464.3046875
399,51657795358482,234941142.9296875
400,52307552764802,219886503.1953125
401,52963713840242,86379486.65625
402,53626724395362,231253826.3984375
403,54296084723442,105581397.8671875
404,54972258290482,123361609.6640625
405,55655140007762,129793354.4453125
406,56344760617122,105659679.7265625
407,57041395737042,276373258.75
408,57744693378402,239491541.2734375
409,58454840283842,131055504.484375
410,59172120624802,184286083.7734375
411,59896276254642,89836683.6015625
412,60627672602722,161686648.3671875
413,61366145152482,183618733.1875
414,62111715221442,124998494.8046875
415,62864701369602,252182082.3515625
416,63624829896322,239012508.265625
417,64392179866322,111845039.09375
418,65167192107602,258544506.3125
419,65949340001202,99274457.2109375
420,66739145832722,102848065.7109375
421,67536710350322,316285523.1875
422,68341504803522,156852229.359375
423,69154229743522,270858503.0625
424,69974502742322,221378093.1796875
425,70802502296482,132151329.359375
426,71638496320802,216078192.96875
427,72482239152242,172221627.875
428,73333908374722,122631731.3125
429,74193651364802,158890824.71875
430,75061375301602,132122764.515625
431,75937397710962,303536493.046875
432,76821428214082,326174069.359375
433,77713463365762,139748300.0625
434,78613993809682,177797410.125
435,79522777567282,140973313.8125
436,80439964838002,121841245.4375
437,81365793114882,299994750.1875
438,82299756743522,111614035.078125
439,83242657293842,299837119.671875
440,84194028611362,339810506.984375
441,85153793567602,95438974.328125
442,86122806402962,361727844.109375
443,87100087157522,99213174.671875
444,88086505264402,117554511.203125
445,89081956682642,252667156.515625
446,90086203237362,206061721.890625
447,91099682209522,354433277.921875
448,92122054016162,297340985.359375
449,93153505964322,160961405.984375
450,94194350412882,196249733.390625
451,95244413530402,167697023.859375
452,96303867809362,185843827.1875
453,97372852756082,327969497.53125
454,98450959872002,123072864.25
455,99539011780162,330998102.75
456,100636464199442,344408365.3125
457,101743426080482,208921091.921875
458,102860355712882,319214601.15625
459,103986771003362,129305640.984375
460,105123330504882,233577899.59375
461,106269707571522,240936276.265625
462,107425992151362,176599152.25
463,108592501894722,293206021.484375
464,109769089944962,378607681.546875
465,110955515873842,126800984.453125
466,112152628051122,320297827.515625
467,113359799661922,266141904.140625
468,114577258279362,125480734.71875
469,115805488425122,316125617.453125
470,117043888796162,169777739.15625
471,118293190857362,350620206.140625
472,119552959662882,356138795.09375
473,120823226954802,150219983.765625
474,122104639766242,311753461.984375
475,123396648943522,223153682.40625
476,124699545059842,106272931.390625
477,126013881597762,445583199.78125
478,127338659245042,172471413.8125
479,128675043218082,382562265.921875
480,130022446407922,418863605.59375
481,131380910952322,253337910.1875
482,132750916864562,295530475.828125
483,134132122975122,133510488.140625
484,135525083100002,250038733.21875
485,136929485613202,262139468.359375
486,138345466822802,234475893.0
487,139773314222722,382601299.421875
488,141212839757042,446222783.75
489,142663784471522,93852156.71875
490,144127276298562,380590294.4375
491,145602293793202,211862529.34375
492,147089592552962,269837881.0625
493,148589136111522,444322127.09375
494,150100345659042,82477513.8125
495,151624588806322,477586307.15625
496,153160634892402,324357783.71875
497,154709174431922,238374981.21875
498,156270500188002,437166969.6875
499,157844016401762,249437762.125
500,159430286776082,163049465.375
501,161029583360162,373906231.0
502,162641428931602,328335726.0
503,164266326303042,452395163.875
504,165904036458322,430006855.28125
505,167554614538482,238943598.90625
506,169218544183682,285169992.375
507,170895591253682,256562302.9375
508,172585897403522,216483538.59375
509,174289788979682,412678998.5625
510,176006628441122,128696704.46875
511,177737506367362,375894870.9375
512,179481924137202,576120016.625
513,181239428271762,196049394.78125
514,183011410833122,547589024.5
515,184796464812162,143260921.15625
516,186595937822722,249896647.46875
517,188409477153762,433688864.28125
518,190236675572242,205993601.5
519,192078619034242,571040768.71875
520,193934327394322,466642906.25
521,195804248626002,258415055.90625
522,197688929866802,410819191.8125
523,199587765483202,235228571.25
524,201501260562962,153419445.5625
525,203429703358482,370013810.9375
526,205372647390642,354582639.25
527,207330651480962,581677428.9375
528,209303253248162,504326155.75
529,211290598378002,183302503.71875
530,213293586296002,432797975.90625
531,215311229781442,180035285.25
532,217344524328482,334628865.46875
533,219393120873922,461312021.84375
534,221456734786002,188925122.0625
535,223536482559682,547110267.0625
536,225631478897042,563391081.90625
537,227741953076882,379541706.59375
538,229868466113202,468744666.90625
539,232010489551282,214386345.1875
540,234168751957362,256546051.3125
541,236343277121362,530198133.40625
542,238533482258082,363412568.8125
543,240740242505762,541852914.71875
544,242963156600322,574449939.25
545,245202018856162,165381812.15625
546,247458052639682,447547015.65625
547,249730417374402,489568855.375
548,252019111948082,199201971.0625
549,254325079298722,427917727.53125
550,256647431798402,196287445.34375
551,258987391085202,633813711.96875
552,261344014629362,705495932.28125
553,263717324299842,340396279.5
554,266108418298562,543573326.15625
555,268516282099682,207020714.8125
556,270941976740162,297957108.9375
557,273385304125842,524131663.71875
558,275845824661122,351453096.96875
559,278324412288082,559028199.90625
560,280820677124002,661798748.0
561,283334347819522,292899051.8125
562,285866699719922,631816627.9375
563,288416348760242,198286709.5625
564,290984694329922,295156277.75
565,293571664185522,753296171.8125
566,296176052723282,269873040.5625
567,298799799705362,687074972.75
568,301441559256722,561107768.1875
569,304101721883762,184212968.625
570,306781304962962,475155888.375
571,309479276444882,302929005.25
572,312196541316962,473214151.375
573,314932666414962,453193344.1875
574,317687736539122,227664337.125
575,320462790095602,734681450.3125
576,323256530085602,576544081.8125
577,326069770575842,466266578.125
578,328902774978002,565857065.1875
579,331755128663842,358931959.0625
580,334627464919202,376669356.9375
581,337519747249922,480114348.0625
582,340431878092322,468888884.0625
583,343364220353442,602731410.625
584,346316644296962,648382177.4375
585,349288849144642,201184069.6875
586,352282525642402,847648078.6875
587,355295631447362,440839732.625
588,358329489635522,198886167.5
589,361384815412722,731686477.875
590,364459931252002,256048467.8125
591,367556907486722,736281161.8125
592,370674404835922,726719555.4375
593,373812768394162,465713846.125
594,376972558867442,406864744.375
595,380153720276322,386725984.125
596,383356335878002,380725794.0
597,386580786722082,661722047.875
598,389826354188002,402539095.875
599,393094278348642,734330755.125
600,396383843810962,832420340.6875
601,399694812232642,348816696.125
602,403028678637442,668528944.9375
603,406384175522642,413673320.625
604,409762251122722,421736238.125
605,413162930842482,607006804.375
606,416585636264802,279583969.375
607,420031895190722,855415996.6875
608,423500259947762,774608174.5625
609,426991041878162,235910446.6875
610,430505984151522,869529442.9375
611,434042825219282,300582350.5
612,437603623743202,474024784.25
613,441187914822722,810877538.0625
614,444794831967282,330198295.4375
615,448426270759602,812744300.25
616,452080819495362,731611427.75
617,455759099609522,592659895.25
618,459461548928642,717765973.25
619,463187563111522,386262015.9375
620,466937972608802,311895452.1875
621,470713142674962,742840176.5
622,474511967260002,455587619.5625
623,478335951111442,837048139.375
624,482184351784722,1026560812.0625
625,486056603762562,340012182.375
626,489954758597282,709977975.0
627,493877303148642,503960325.125
628,497825076972562,441775889.25
629,501798278828562,602062676.1875
630,505796327837202,283436877.875
631,509820672369842,813382020.125
632,513870171300962,929500673.4375
633,517944804140162,489645844.0625
634,522046011518562,812406764.5625
635,526172551720002,533639484.75
636,530325177779922,283565142.75
637,534504716042402,765326395.5
638,538709764123762,452950409.75
639,542941993937442,894373132.875
640,547200399658482,959403163.875
641,551484905349602,447347223.9375
642,555797317107682,1039156027.25
643,560135420146002,394505912.375
644,564501228446242,401450232.625
645,568894568949442,760609706.625
646,573314558460482,462076290.0
647,577762800299282,982063765.375
648,582238051686162,950292494.0
649,586740544316322,470563285.75
650,591271401367602,537764550.375
651,595830023242322,423613528.875
652,600417205422882,794511283.125
653,605032228342322,801412648.0
654,609675177866562,400307861.125
655,614347535012962,941940514.625
656,619047985930402,981787025.25
657,623776695066082,553222825.625
658,628535041483042,903839275.25
659,633321671551842,548134730.375
660,638137643693682,412257056.25
661,642983721984802,1127607416.875
662,647857852440162,507123346.25
663,652762656136562,1038401259.375
664,657696493963282,948446482.625
665,662659463092722,200143285.25
666,667653850209762,945483629.25
667,672677240250802,634305601.25
668,677730988661922,486550963.0
669,682815492531122,763396781.25
670,687930065245842,641912340.75
671,693075687703442,966269012.5
672,698251944212482,1183640926.75
673,703458363520642,685232282.625
674,708696382491842,769953859.0
675,713965149164482,447480646.375
676,719265459605522,375105316.25
677,724598095360802,1195187933.375
678,729960792068322,503768625.125
679,735356471158802,1082267533.625
680,740783492842482,1150471006.125
681,746241766809602,477231465.875
682,751733645267122,1273503522.25
683,757256109252242,378656883.0
684,762812093312482,585155823.875
685,768400830276162,983329060.125
686,774021381374242,491490977.125
687,779676178599042,1398299741.125
688,785362616898562,954951010.125
689,791082071448242,392449085.125
690,796835766412962,790368300.0
691,802622269333122,571238493.625
692,808442661363042,670782799.75
693,814296793417282,794063357.875
694,820184572549042,701859104.75
695,826107031245362,1279960364.75
696,832062984718402,1196459520.75
697,838052814981442,685826404.875
698,844078070817362,1148876169.5
699,850136793566162,478556198.25
700,856230975079202,517899736.5
701,862360669102322,1171408402.375
702,868524125593682,539369417.5
703,874723965796162,1092927397.875
704,880958801100882,1292947265.0
705,887228263152162,620118596.375
706,893534567080962,1138188456.25
707,899875705491522,687947427.0
708,906253170669122,609436759.25
709,912667392848242,1180215923.25
710,919116679626402,554775839.5
711,925603601345522,1149919629.875
712,932126761829282,1415499367.875
713,938685324205522,360237869.875
714,945282048636242,589458086.25
715,951915789792402,802557291.625
716,958586172415282,468567835.75
717,965295128507122,1363347174.875
718,972039952665522,624911662.125
719,978823971431282,1422783778.625
720,985644931879442,1346582564.0
721,992503255041682,659445407.625
722,999401275788162,1537909278.875
723,1006335694343682,523426279.0
724,1013309747558402,693633750.625
725,1020322292977042,746422869.625
726,1027373549754962,740854115.75
727,1034464370579842,1369078342.875
728,1041593697430402,1412094890.625
729,1048761534722242,712896815.0
730,1055969962272642,1189435078.75
731,1063216720501522,419818902.875
732,1070504271701362,703585076.875
733,1077832442043442,1703703590.125
734,1085198327054962,352054142.25
735,1092606921703682,1479510174.375
736,1100054490001442,1185541779.75
737,1107542377512642,650723574.375
738,1115072160557602,1285937448.5
739,1122641745391282,831550676.25
740,1130252778877282,768089308.25
741,1137905361956162,1029705880.75
742,1145598736152962,690686327.75
743,1153334824563762,1506435930.75
744,1161111703383122,1385006150.25
745,1168929980023842,765213776.25
746,1176791393390002,1216913360.25
747,1184694481602082,1108721724.0
748,1192639792912722,818933112.0
749,1200628011507442,861319301.75
750,1208658788465442,716089794.75
751,1216733033578962,1121710567.0
752,1224850538301202,1697851380.25
753,1233009457060322,426699172.75
754,1241214342361442,1688059449.75
755,1249460454314482,568883515.0
756,1257751597654002,700287701.0
757,1266087669546082,1805359639.75
758,1274465506199042,545768374.5
759,1282889991901762,1630802069.25
760,1291357626793442,1385137160.75
761,1299869831373522,1053347668.75
762,1308427520065362,1373468267.5
763,1317029121825282,597602715.25
764,1325676878671922,790452606.25
765,1334370129880562,1113511081.5
766,1343108478883682,991962778.75
767,1351893523893442,1845305705.25
768,1360723283281362,1512730305.5
769,1369598451667362,509207895.25
770,1378521216308642,841878930.25
771,1387489878963682,631916398.25
772,1396505908459042,1167092008.5
773,1405568655245842,1616332065.0
774,1414676893882402,572199494.25
775,1423834361780322,1589639319.0
776,1433038193415762,1620189326.5
777,1442288779242642,870892661.25
778,1451588796454802,1835059375.75
779,1460934539929042,623208859.75
780,1470329590009362,630853472.75
781,1479773703056802,1429047773.25
782,1489265152296482,1105234952.5
783,1498806198423282,1733851901.0
784,1508395168970002,1455696763.5
785,1518032843083442,862704406.75
786,1527720760065522,1306486933.75
787,1537457544900882,1223860670.0
788,1547243266890242,495478917.75
789,1557080456465442,1462646386.75
790,1566965804746162,626875303.0
791,1576903266000802,1752345682.25
792,1586890358962082,2167220318.0
793,1596926150422002,747239134.5
794,1607014885041042,1545527777.5
795,1617152775298482,582547323.0
796,1627343069131762,913733030.0
797,1637584944473522,1524030773.0
798,1647876972183522,790828346.75
799,1658222397625282,1765531505.25
800,1668618962810642,1995707905.25
801,1679066374162002,992848742.0
802,1689567775172002,1705027817.0
803,1700120192919682,963417092.75
804,1710725646191922,590407517.25
805,1721385164831602,1418956582.25
806,1732096553257762,1056107868.25
807,1742862610648402,2103173237.5
808,1753680649741362,1674533107.0
809,1764551717316642,618118154.5
810,1775478737757522,1658969834.0
811,1786458223149522,1109338723.75
812,1797492376640402,972043918.5
813,1808581898143842,1746176099.25
814,1819724284730162,727487645.25
815,1830923712481122,1890246824.25
816,1842177097518802,1948266062.75
817,1853485250212562,1509108298.0
818,1864849202515202,1401422528.5
819,1876268167638482,634618723.75
820,1887744398415442,1257229536.75
821,1899276477752002,1647361293.5
822,1910864088864162,1282930585.5
823,1922508770514242,1496899898.25
824,1934210712707282,2272973403.25
825,1945966819310322,308215630.25
826,1957783538477842,1843476296.25
827,1969655564802562,1365540495.5
828,1981584888689362,656502013.5
829,1993574161699282,2159106714.75
830,2005618278883762,559086176.0
831,2017723702189362,2108561795.25
832,2029885866972482,2032558903.25
833,2042105475678882,822685674.75
834,2054385945335682,1684624518.75
835,2066723873084722,1003664830.0
836,2079121226278162,534797978.5
837,2091579732219922,1792458142.25
838,2104096297462402,1469818416.25
839,2116673732991362,2163975084.75
840,2129310497317202,2119038292.0
841,2142006942996242,1472652711.25
842,2154764952726002,1892092217.5
843,2167582121407122,756321199.0
844,2180461828390322,1228240904.25
845,2193402605908802,1623121239.25
846,2206403293344882,562866791.0
847,2219468248532242,2187318463.25
848,2232593286043202,2092540147.0
849,2245779050324402,703953788.75
850,2259030153408562,2414050543.5
851,2272340352578482,760054165.0
852,2285715721714562,1595267917.5
853,2299153535920002,1973699164.5
854,2312652735836882,614374841.5
855,2326218454768882,2428463565.5
856,2339845310706002,1811299746.5
857,2353535895263122,1131321539.0
858,2367291707001282,1663391512.0
859,2381110979545442,1416913798.5
860,2394994505865362,960114371.0
861,2408943928135442,1709900266.0
862,2422957558285522,1752409780.0
863,2437036756467442,2221478417.0
864,2451180840229762,2207813001.5
865,2465389283367922,957841228.0
866,2479666004749922,2162536733.5
867,2494006664767842,1253870005.5
868,2508414384162722,1123632656.5
869,2522889309827042,1689239291.5
870,2537429212523602,491445780.0
871,2552039195215282,2402678408.0
872,2566714614299122,2548267347.5
873,2581456039917202,1266756929.0
874,2596266896655042,1750603427.5
875,2611144268605122,851237981.5
876,2626091199000242,1378699337.5
877,2641107129883922,2541303639.5
878,2656189240116482,1283649909.0
879,2671342623495362,2464739744.0
880,2686563671419442,2240641038.5
881,2701852846586242,838184572.0
882,2717214300825042,2172796515.0
883,2732643293577202,1266978146.0
884,2748142968152242,1026561319.5
885,2763714016627682,1905607698.0
886,2779353901741842,1128300941.5
887,2795066998611122,2830663378.5
888,2810848968164562,2433989958.5
889,2826701070598802,958302600.5
890,2842627146502162,2003473667.0
891,2858622905736082,1038106790.0
892,2874692237419762,1709520907.5
893,2890833351755522,1985575009.0
894,2907045865208642,1239847372.0
895,2923332771402802,2222530387.0
896,2939691839355042,2458664912.0
897,2956123111834962,1746498862.0
898,2972629168415602,2420537482.5
899,2989206887316242,1113385534.5
900,3005859675062482,985406771.5
901,3022588436097522,2694334607.0
902,3039388434690082,1257179426.5
903,3056265616948882,2372242457.0
904,3073217053553602,2861846120.0
905,3090241088821282,821399820.0
906,3107344200019042,2478712057.5
907,3124520627141522,1823767258.0
908,3141773045777602,1281591884.5
909,3159102640450402,1785593827.0
910,3176507247636642,920581153.5
911,3193991022591842,2589586702.0
912,3211550431903682,3006420829.5
913,3229185096459442,1538638244.5
914,3246898727282562,1643373958.0
915,3264689926359522,1668169551.5
916,3282558432584642,1096917372.5
917,3300507095042402,2523142239.5
918,3318531800413682,1577407079.5
919,3336636889840962,2344177512.5
920,3354820377305842,2580198767.5
921,3373081500795282,1265661309.0
922,3391425326226722,3208125352.5
923,3409844689059362,984131529.5
924,3428346187072162,931978285.5
925,3446930110423042,3081780462.5
926,3465590652345122,1366164938.0
927,3484335252213362,2963336650.5
928,3503158770620242,2472153673.0
929,3522062863397922,1286148759.5
930,3541050268707202,1880617704.5
931,3560117919672082,925253283.5
932,3579269805551042,2145315933.0
933,3598502917107922,2267004013.5
934,3617817494484962,1265326246.0
935,3637217643641522,2980539820.0
936,3656699272836882,3054632587.5
937,3676262683907682,1522599887.5
938,3695911939300242,2179476264.5
939,3715643770150242,1488414534.0
940,3735460146603042,1151005495.0
941,3755363060641042,2890104680.5
942,3775347661208402,1584956471.5
943,3795420078690402,3095672840.5
944,3815576116204322,2954523631.5
945,3835815580844722,697181223.0
946,3856145508228882,3087265364.0
947,3876557704444162,1658289920.5
948,3897057052292402,1019906672.5
949,3917645407581122,2754195898.5
950,3938317786977042,1603519289.0
951,3959079758144802,2860658057.5
952,3979927917187922,2846253293.0
953,4000863113989362,2134145905.0
954,4021887299186882,2398351383.0
955,4042998689052402,1577938539.0
956,4064199156542082,1268078984.5
957,4085490407722882,2896473076.0
958,4106867561242002,1302818752.0
959,4128337904812802,3495296837.5
960,4149895710086322,3465441960.5
961,4171541482911682,1438402338.0
962,4193281130078722,3039681810.0
963,4215107818542482,1154363710.0
964,4237028030458322,1982145374.0
965,4259038457968402,1932124013.0
966,4281139472930642,1092525064.0
967,4303335363519602,3467302458.5
968,4325620540767842,3182679378.5
969,4347996316803282,1265384999.0
970,4370468438556482,3176361169.0
971,4393029773640882,1496642032.0
972,4415686331031282,1948031906.5
973,4438436736132642,2868173470.0
974,4461278456354802,1436121872.0
975,4484217253130162,3124361804.0
976,4507248765687682,3282580895.0
977,4530372919287122,1545903334.0
978,4553594995879202,2905549431.0
979,4576909281173522,1355902916.0
980,4600320637449602,1467321380.0
981,4623829616061602,3498640381.0
982,4647431065978882,2005713397.0
983,4671131308136082,3015761293.0
984,4694927452686722,3344625318.0
985,4718818759851762,1957615050.0
986,4742809123162242,2452750431.0
987,4766896168716162,2160018032.0
988,4791080872208242,1758400213.0
989,4815363973748402,1690692986.0
990,4839744943829682,1129473329.0
991,4864226649978162,2643748494.0
992,4888807219289362,4061491807.0
993,4913483180239682,1611453485.0
994,4938262643392962,3103866597.0
995,4963139466841602,2095887571.0
996,4988116291321042,926710067.0
997,5013197785238002,3962592604.0
998,5038374560210162,1512397637.0
999,5063657007975522,3664500300.0
1000,5089038379264082,3365659482.0
1001,5114519534124082,1171343460.0
1002,5140107388730322,3692537603.0
1003,5165793202976562,1883336168.0
1004,5191582847773282,1308239448.0
1005,5217477232499842,2569605327.0
1006,5243473383947682,2386591864.0
1007,5269574871108962,4019945331.0
1008,5295778120661282,3587484321.0
1009,5322084511775602,2158907056.0
1010,5348496919101202,2298775742.0
1011,5375012993987682,1347737958.0
1012,5401636414383202,2672424286.0
1013,5428364420024002,3200637224.0
1014,5455195238354322,847270497.0
1015,5482136982684322,3412466363.0
1016,5509182623984162,3553409090.0
1017,5536333024901362,1818341703.0
1018,5563594578516402,4285320980.0
1019,5590958317214882,1671088991.0
1020,5618432901207922,2319592905.0
1021,5646015989738882,3573191088.0
1022,5673704287840322,1819409460.0
1023,5701504900002242,3844609122.0
1024,5729411839506402,3343320072.0
1025,5757426581905762,1471720033.0
1026,5785554211792962,2994402321.0
1027,5813790410474242,3272049161.0
1028,5842134562388722,1367850356.0
1029,5870592215687522,2508081794.0
1030,5899159295127922,2294999005.0
1031,5927839355512402,3960275590.0
1032,5956629365506722,4148820687.0
1033,5985528471722322,1682860769.0
1034,6014543348672082,2911894789.0
1035,6043667439808162,953731418.0
1036,6072907040142642,1777109066.0
1037,6102261338095362,4243543120.0
1038,6131724135890002,1827721410.0
1039,6161305197130402,3965079931.0
1040,6190998031190642,3836192298.0
1041,6220804144838482,2618392585.0
1042,6250727500347122,3943886478.0
1043,6280761687662482,1071917944.0
1044,6310914936832642,1901198057.0
1045,6341184722266562,3574163114.0
1046,6371567435888242,2150128185.0
1047,6402070688443362,4906593146.0
1048,6432686195677922,3225420705.0
1049,6463418530219362,1344716912.0
1050,6494270951516002,2188769999.0
1051,6525240172876722,2135089441.0
1052,6556327752173362,2405107752.0
1053,6587534596731522,3569070673.0
1054,6618856859675282,1442381286.0
1055,6650303464606162,4610278364.0
1056,6681865754459602,4076692238.0
1057,6713546244848562,2017587793.0
1058,6745351159465602,4316365934.0
1059,6777271298516562,1432296666.0
1060,6809316117117762,2478915672.0
1061,6841481700927122,3199654831.0
1062,6873768147961362,3349658809.0
1063,6906176402643602,3529832052.0
1064,6938707808471682,4739506490.0
1065,6971357448023922,1716446692.0
1066,7004134942882242,3736772376.0
1067,7037032252774002,2414099643.0
1068,7070053336857282,1360825643.0
1069,7103202836648002,4871055088.0
1070,7136469307461842,1152041561.0
1071,7169867293243682,4399016355.0
1072,7203387169194722,4637814969.0
1073,7237029499350642,2082454674.0
1074,7270801363748162,3462300452.0
1075,7304696759333922,2422973277.0
1076,7338718944405282,1870790298.0
1077,7372869894929522,3429083432.0
1078,7407144634279282,1767934195.0
1079,7441551469663122,4840603658.0
1080,7476083067484242,4958890550.0
1081,7510740019519522,2359309688.0
1082,7545529628546242,3988718100.0
1083,7580444022099122,1618071442.0
1084,7615490486186002,2176139076.0
1085,7650666956436882,3240652500.0
1086,7685972299376482,3319577297.0
1087,7721408602114482,4140802769.0
1088,7756975328163282,4807959083.0
1089,7792668615635362,1098614028.0
1090,7828500588340642,4775369759.0
1091,7864457440214082,1670289796.0
1092,7900550213189202,2462771927.0
1093,7936777191382482,5073732001.0
1094,7973130253128882,1017638843.0
1095,8009624067346322,4598878121.0
1096,8046246958244882,3776460936.0
1097,8083004341419842,3600116257.0
1098,8119895868520402,3354959026.0
1099,8156921351885762,2486125635.0
1100,8194082433507922,2267736115.0
1101,8231380097736162,3315598001.0
1102,8268811938663682,2854592370.0
1103,8306381963167282,4521712913.0
1104,8344087562474402,5337632358.0
1105,8381925350043442,1544582186.0
1106,8419906480067362,3924855621.0
1107,8458022589247602,3742580944.0
1108,8496275033474562,1980401356.0
1109,8534669247446322,3699093096.0
1110,8573197576202482,869098669.0
1111,8611871359547922,4454949999.0
1112,8650681834045442,5317260454.0
1113,8689628199406082,2279114564.0
1114,8728720955015362,5462593647.0
1115,8767947634139122,2022981047.0
1116,8807318415577042,1760415029.0
1117,8846834062651122,5058876671.0
1118,8886485794241202,2757224756.0
1119,8926284487752082,5352162298.0
1120,8966222269295522,4588417919.0
1121,9006301420511682,2365566691.0
1122,9046527548289682,3907750078.0
1123,9086894426627682,2605535422.0
1124,9127406278260562,2297542990.0
1125,9168065083319042,4579104504.0
1126,9208864507394722,2730327566.0
1127,9249813530493602,5345048570.0
1128,9290905113504322,4997300328.0
1129,9332139948512162,1991625466.0
1130,9373526259179122,4163455894.0
1131,9415054646393282,1724761554.0
1132,9456734896917922,4072698936.0
1133,9498559533913442,3340132384.0
1134,9540530830921762,1409617884.0
1135,9582655976254962,5077791108.0
1136,9624926070273762,5052645272.0
1137,9667343902841442,3730984450.0
1138,9709913633229442,4878328566.0
1139,9752629590710162,2429505586.0
1140,9795497590663282,1804757232.0
1141,9838519584871202,4560033796.0
1142,9881688968595042,3694069556.0
1143,9925012407732722,5475540228.0
1144,9968485682157682,5286401086.0
1145,10012107653366482,1589533944.0
1146,10055889502021762,5166289518.0
1147,10099819049210482,3437745054.0
1148,10143901772705202,1480964986.0
1149,10188143028639282,4250675548.0
1150,10232533650837922,2178595186.0
1151,10277084047396562,5270012364.0
1152,10321786664117602,5567221662.0
1153,10366642529257762,3694270534.0
1154,10411655519359362,3122789978.0
1155,10456824357598002,2170341606.0
1156,10502151700442562,3087077038.0
1157,10547637314790402,5232872484.0
1158,10593275957207202,2956567984.0
1159,10639076415330722,4637370556.0
1160,10685034869750482,6046733264.0
1161,10731146957299922,2411646776.0
1162,10777425132332482,5775914824.0
1163,10823856664850082,2998282084.0
1164,10870450569112162,2681042604.0
1165,10917208037528802,5603932316.0
1166,10964119680014962,1963482662.0
1167,11011200467077682,6316107190.0
1168,11058437258790882,5107075744.0
1169,11105833205951522,1071670012.0
1170,11153399444518722,4929622038.0
1171,11201121918578002,2208077860.0
1172,11249011473053762,3334309368.0
1173,11297064844069362,4626073780.0
1174,11345280182731122,3815397042.0
1175,11393662899528002,5892972884.0
1176,11442207946258162,5390088782.0
1177,11490917542973362,4105569738.0
1178,11539794020696962,3948495690.0
1179,11588835205181442,2321958398.0
1180,11638045229344482,2935496930.0
1181,11687424494393922,5766222016.0
1182,11736965377964962,2766952632.0
1183,11786679375797122,5007892340.0
1184,11836560669690562,6244585028.0
1185,11886605075688562,1866096746.0
1186,11936827231227762,6082165370.0
1187,11987211674287602,3002349408.0
1188,12037769427439202,3220076276.0
1189,12088499261669762,5076466106.0
1190,12139394730717282,1694665834.0
1191,12190469097798802,5906576846.0
1192,12241710628903522,5546147474.0
1193,12293122081507202,2938086802.0
1194,12344710071567282,4264859176.0
1195,12396469120367842,3613528544.0
1196,12448400825176722,2146414968.0
1197,12500510437826962,4679675470.0
1198,12552790987741922,3806328530.0
1199,12605249765862242,6380180430.0
1200,12657880670255922,5861434744.0
1201,12710685071277842,3181851234.0
1202,12763672029352402,6962527886.0
1203,12816827064491842,2283418624.0
1204,12870164342615522,2869651972.0
1205,12923681227732722,5643713258.0
1206,12977369818142642,2261643988.0
1207,13031244577071202,6743678052.0
1208,13085292630240802,5771810866.0
1209,13139517069255282,1993183724.0
1210,13193927711978722,4780461998.0
1211,13248512825598162,1954897232.0
1212,13303284458791042,5118493984.0
1213,13358234908418962,6120702984.0
1214,13413362529381122,2868273942.0
1215,13468679160592642,6751233286.0
1216,13524173532992482,6050891446.0
1217,13579848827019362,3497318190.0
1218,13635711051476082,4648206314.0
1219,13691755124484162,3969825692.0
1220,13747982078462002,2042000804.0
1221,13804398688555762,5186541032.0
1222,13860995302677842,3297278512.0
1223,13917783255774562,7254335212.0
1224,13974752597066642,6651362802.0
1225,14031904885548562,2591041406.0
1226,14089251246289362,5741379792.0
1227,14146779695796802,3661078924.0
1228,14204497104745922,2762259904.0
1229,14262405755324242,4867808584.0
1230,14320499230503282,3100646448.0
1231,14378786579401762,6049093232.0
1232,14437262284653442,7734234128.0
1233,14495922373154882,3720666960.0
1234,14554779192634322,5893070432.0
1235,14613821403450082,2448001936.0
1236,14673058405252882,2320559252.0
1237,14732492767564802,7614958908.0
1238,14792109747645362,3122401644.0
1239,14851927521871762,6552452042.0
1240,14911936232621042,7579920082.0
1241,14972132344964562,2201555010.0
1242,15032532364730082,6454106812.0
1243,15093119037908082,2613731914.0
1244,15153905281901362,3127242188.0
1245,15214887675656322,4102235620.0
1246,15276063954699202,2802131926.0
1247,15337443508217522,8143253402.0
1248,15399013622834642,6938598858.0
1249,15460779576504962,3991738226.0
1250,15522747585222162,5043520176.0
1251,15584911683455202,3652507514.0
1252,15647276799020082,4269848334.0
1253,15709841192107762,4678303328.0
1254,15772603100480722,2637441728.0
1255,15835570972805362,6116973110.0
1256,15898737233959602,7062054378.0
1257,15962100643626562,3751882838.0
1258,16025673403113922,7906514938.0
1259,16089439420173202,2951684962.0
1260,16153412622664322,2332468950.0
1261,16217595688144402,8242872922.0
1262,16281972439608482,4021572960.0
1263,16346559909010002,6215435092.0
1264,16411350225221362,6467475250.0
1265,16476341535870722,2438695444.0
1266,16541545675414082,5476155244.0
1267,16606953292002242,5739838130.0
1268,16672565121404642,3476574718.0
1269,16738388027347682,5060380480.0
1270,16804415461609842,3452550242.0
1271,16870655743608242,6481244142.0
1272,16937103599393042,8380481430.0
1273,17003753830628882,3459121278.0
1274,17070619321996882,4108264184.0
1275,17137694523038322,4283095048.0
1276,17204979327376002,3382103906.0
1277,17272480328190802,7502561904.0
1278,17340184732186322,3354485302.0
1279,17408109573733842,7474779844.0
1280,17476242883170722,7395538548.0
1281,17544584841585522,2798826200.0
1282,17613151177025442,8912886208.0
1283,17681919188424002,2536067662.0
1284,17750909191732402,3482956070.0
1285,17820116874591362,6939044626.0
1286,17889533464777042,3629179476.0
1287,17959174316529522,8403887630.0
1288,18029024644808082,5973631600.0
1289,18099092279293442,3662811048.0
1290,18169382195498802,5940873228.0
1291,18239885461450722,3368993208.0
1292,18310611195801922,4558186136.0
1293,18381558205223842,7806699128.0
1294,18452717289213362,3404817400.0
1295,18524105419749922,7814520792.0
1296,18595709580058882,7508246488.0
1297,18667531385725842,3590002768.0
1298,18739581783658322,6494330036.0
1299,18811848026724962,2960939444.0
1300,18884343386290562,5747247308.0
1301,18957059209971522,5686129932.0
1302,19029997056904082,3821191264.0
1303,19103163955223282,6664241216.0
1304,19176553839344002,7632576112.0
1305,19250163983329842,3482346968.0
1306,19324008512987682,7820653412.0
1307,19398073232514642,5932190068.0
1308,19472363438362802,2593110648.0
1309,19546887691818722,5843606872.0
1310,19621634345622802,3514527204.0
1311,19696616600979122,8284386108.0
1312,19771822555093522,7726901488.0
1313,19847254595439042,3705259548.0
1314,19922923430039362,6402397604.0
1315,19998817322330242,3555864916.0
1316,20074944585220802,2951883376.0
1317,20151309942387682,8786641036.0
1318,20227896748390162,3886406632.0
1319,20304725356487042,8075345856.0
1320,20381783479493442,8536377532.0
1321,20459071691061682,5312453912.0
1322,20536599253071522,7133950284.0
1323,20614355320755842,2623790044.0
1324,20692353729708882,5084452356.0
1325,20770585425091682,4927176940.0
1326,20849052980486482,4190817892.0
1327,20927761972836962,7916783308.0
1328,21006705965651282,9132237716.0
1329,21085879253573442,1594672812.0
1330,21165303454395602,6383919200.0
1331,21244959825453042,4218540712.0
1332,21324858256282082,4448491740.0
1333,21405001727454562,9513951096.0
1334,21485373984420802,2619164380.0
1335,21566001188404402,9383338132.0
1336,21646860898118802,6822355828.0
1337,21727963259475682,4538485652.0
1338,21809314154247842,7869042748.0
1339,21890901833929202,4520248656.0
1340,21972735146613522,2794109360.0
1341,22054818345298722,6396719076.0
1342,22137142081706882,5432079568.0
1343,22219714785744562,7781559908.0
1344,22302533199420322,9637813360.0
1345,22385592456822802,5584754876.0
1346,22468904657056642,7170496388.0
1347,22552460107655842,4150759552.0
1348,22636266224131362,3388422768.0
1349,22720326138079122,7461628544.0
1350,22804626166814802,2133417692.0
1351,22889187342677602,7881032492.0
1352,22973996540543362,11023429180.0
1353,23059045897944562,3141397376.0
1354,23144361084917762,9347406872.0
1355,23229916650315922,3631919364.0
1356,23315730355955842,3197535288.0
1357,23401803204520722,8486895764.0
1358,23488119737913682,3481035492.0
1359,23574702715371522,10377495940.0
1360,23661531125507122,7602367096.0
1361,23748615537496482,5161473916.0
1362,23835961205449282,7744746296.0
1363,23923557916543682,4574353208.0
1364,24011414048608722,3462284544.0
1365,24099530932091202,5172317360.0
1366,24187905505488082,6075447684.0
1367,24276542137619602,9972163000.0
1368,24365433337762722,8802575100.0
1369,24454580434177602,3324945964.0
1370,24543998856561122,8398140640.0
1371,24633668452094722,3297674496.0
1372,24723609122825442,7353093648.0
1373,24813809157082802,8279391240.0
1374,24904265086679202,2034207204.0
1375,24994997753371602,8884289356.0
1376,25085987585855922,8682487196.0
1377,25177240204423602,6472407832.0
1378,25268762276780242,8344234028.0
1379,25360543556683602,3473361596.0
1380,25452596827294482,4063749644.0
1381,25544921311986002,8758729276.0
1382,25637506114601202,6081260572.0
1383,25730365765652722,9980131660.0
1384,25823489608643282,9216278568.0
1385,25916876765494162,2328213140.0
1386,26010544657640402,6153117568.0
1387,26104480288389282,7109202308.0
1388,26198683004258162,3957043304.0
1389,26293164809581202,8114188080.0
1390,26387910583706562,3872352336.0
1391,26482939016849362,9333272316.0
1392,26578237478357442,11276969940.0
1393,26673800849313362,3994354208.0
1394,26769650063905522,7828591704.0
1395,26865765904954642,2970632468.0
1396,26962164746131362,5201426980.0
1397,27058840135598562,7475567880.0
1398,27155788997526642,6122804640.0
1399,27253019776001682,8991951124.0
1400,27350527093143282,10109002768.0
1401,27448308161133922,6089165412.0
1402,27546376036252642,9390888300.0
1403,27644715037423202,3734411672.0
1404,27743340160757682,3516309728.0
1405,27842253813816482,10543750052.0
1406,27941435531041922,3749926568.0
1407,28040913283411282,10503711984.0
1408,28140665623490722,8754711116.0
1409,28240697770784322,3118609296.0
1410,28341025222394322,8487832036.0
1411,28441628508460242,4786983488.0
1412,28542522549034562,6329721564.0
1413,28643701404445922,6569120496.0
1414,28745163906877042,3729248168.0
1415,28846924142230482,11287031252.0
1416,28948963202334002,9724459956.0
1417,29051288633038962,5976685840.0
1418,29153908215355842,7213156692.0
1419,29256815231584242,6103745940.0
1420,29360012558549122,4911988284.0
1421,29463504988663762,7816142048.0
1422,29567286566423522,8245682304.0
1423,29671360121294962,8414189416.0
1424,29775727716856722,9768489304.0
1425,29880380532052242,2869905532.0
1426,29985343144079362,11677148340.0
1427,30090586547241122,6565164788.0
1428,30196126968317202,3140509624.0
1429,30301974698779362,11073560080.0
1430,30408101746754642,1750478520.0
1431,30514542901990162,9338176556.0
1432,30621275964890642,11013352020.0
1433,30728301328984482,6544954408.0
1434,30835630492952322,6806212824.0
1435,30943257707740322,5421748668.0
1436,31051186760065682,5551080552.0
1437,31159421202600802,10118807824.0
1438,31267948859752802,6320389496.0
1439,31376785914772002,9709252112.0
1440,31485924314645442,11601682668.0
1441,31595356816246322,4122977432.0
1442,31705105004405922,8225513248.0
1443,31815151061116722,5457950076.0
1444,31925504773176242,4972874176.0
1445,32036168518659122,8513269620.0
1446,32147132025444642,5171045192.0
1447,32258411381071602,10396888660.0
1448,32369993093741442,10061269260.0
1449,32481877049226482,3411345380.0
1450,32594085045759922,11605853892.0
1451,32706586173847682,3094921424.0
1452,32819409851443282,6655238620.0
1453,32932544321945042,9888056728.0
1454,33045982338039522,4903030416.0
1455,33159744279460722,11435976404.0
1456,33273810103091442,8798974168.0
1457,33388190934558402,7471960480.0
1458,33502888779750082,8814246636.0
1459,33617897251499042,5791200156.0
1460,33733222851188882,4255851128.0
1461,33848872463582082,10443719480.0
1462,33964827381446962,4997441276.0
1463,34081112643898802,12305109268.0
1464,34197707691359602,11155232020.0
1465,34314615976007682,4347182928.0
1466,34431857062289282,10791711176.0
1467,34549407084713122,5968735712.0
1468,34667283219738162,6399232396.0
1469,34785481239365042,7198824812.0
1470,34903996502324002,3068971608.0
1471,35022846286860242,10629751216.0
1472,35142013049633762,11678761124.0
1473,35261496236073922,5001471772.0
1474,35381315787222962,9878069504.0
1475,35501450867441042,4811161004.0
1476,35621917584243042,5245609436.0
1477,35742717326191842,11906427168.0
1478,35863833041430562,7077307400.0
1479,35985286694652722,12057593672.0
1480,36107062979233602,10874410640.0
1481,36229163407518642,4372951880.0
1482,36351607570085442,11475741288.0
1483,36474368576058402,4622947040.0
1484,36597468318271362,5037543720.0
1485,36720903780990962,9033034992.0
1486,36844664496367682,5469904080.0
1487,36968771367911122,14579088400.0
1488,37093199494797762,10786286768.0
1489,37217963063952562,7604040312.0
1490,37343063651175442,5932858424.0
1491,37468499892456882,3732533688.0
1492,37594280761343602,9299506992.0
1493,37720393781438402,9479366712.0
1494,37846839103135922,3743583944.0
1495,37973636841913682,11527802824.0
1496,38100767515507282,12669015232.0
1497,38228231361842482,6723492176.0
1498,38356046236598562,10864346592.0
1499,38484192395280402,4663604784.0
1500,38612687475388322,5074375688.0
